Workbook

Sheet vis_ManualVSExp
A3: Row Labels | B3: Average of ManualCostPerLife | C3: Average of ExpCostPerLife
A4: Dental | B4: 38.5 | C4: 18.011511
A5: Health | B5: 92.666667 | C5: 37.841346
A6: LTD | B6: 20.233696 | C6: 5.5555556
A7: STD | B7: 9.469674 | C7: 10.060669
A8: Grand Total | B8: 40.217509 | C8: 17.86727

Sheet vis_RegionClassCompare
A3: Average of Ratio | B3: Column Labels
A4: Row Labels | B4: A | C4: B | D4: Grand Total
A5: BC | B5: 0.6381645 | C5: 0.2163498 | D5: 0.42725715
A6: ON | B6: 1.0011351 | C6: 0.50972365 | D6: 0.75542935
A7: QC | B7: 0.69187669 | C7: 0.20449309 | D7: 0.44818489
A8: Grand Total | B8: 0.77705875 | C8: 0.31018884 | D8: 0.5436238
I12: d

Sheet Compare_ClassRegion
A1: Benefit | B1: Region | C1: Class | D1: Exposure | E1: ExpCostPerLife | F1: AvgSalary_Group | G1: ManualCostPerLife | H1: Ratio | I1: Flag
A2: Health | B2: ON | C2: A | D2: =COUNTIFS(Census!B:B,Compare_ClassRegion!B2,Census!C:C,Compare_ClassRegion!C2) -> 180 | E2: =IF(D2=0,0,SUMIFS(Experience_12m!$G:$G,Experience_12m!$B:$B,$A2,Experience_12m!$C:$C,$B2,Experience_12m!$D:$D,$C2)/D2/12) -> 37.5 | F2: =IF(D2=0,0,AVERAGEIFS(Census!$I:$I,Census!$B:$B,$B2,Census!$C:$C,$C2)) -> 87217.861 | G2: =IF(A2="Health",VLOOKUP(C2&"|"&B2,rate_tables!$A$3:$B$8,2,FALSE),IF(A2="Dental",VLOOKUP(C2&"|"&B2,rate_tables!$A$12:$B$17,2,FALSE),IF(A2="STD",VLOOKUP(C2&"|All",rate_tables!$D$21:$E$22,2,FALSE)*F2/12,VLOOKUP(C2&"|All",rate_tables!$D$32:$E$33,2,FALSE)*F2/12))) -> 85 | H2: =E2/G2 -> 0.44117647 | I2: =IF(H2>=1.1,"Unfavorable",IF(H2<0.9,"Favorable","Neutral")) -> Favorable
A3: Health | B3: ON | C3: B | D3: =COUNTIFS(Census!B:B,Compare_ClassRegion!B3,Census!C:C,Compare_ClassRegion!C3) -> 109 | E3: =IF(D3=0,0,SUMIFS(Experience_12m!$G:$G,Experience_12m!$B:$B,$A3,Experience_12m!$C:$C,$B3,Experience_12m!$D:$D,$C3)/D3/12) -> 36.697248 | F3: =IF(D3=0,0,AVERAGEIFS(Census!$I:$I,Census!$B:$B,$B3,Census!$C:$C,$C3)) -> 64842.018 | G3: =IF(A3="Health",VLOOKUP(C3&"|"&B3,rate_tables!$A$3:$B$8,2,FALSE),IF(A3="Dental",VLOOKUP(C3&"|"&B3,rate_tables!$A$12:$B$17,2,FALSE),IF(A3="STD",VLOOKUP(C3&"|All",rate_tables!$D$21:$E$22,2,FALSE)*F3/12,VLOOKUP(C3&"|All",rate_tables!$D$32:$E$33,2,FALSE)*F3/12))) -> 95 | H3: =E3/G3 -> 0.38628682 | I3: =IF(H3>=1.1,"Unfavorable",IF(H3<0.9,"Favorable","Neutral")) -> Favorable
A4: Health | B4: QC | C4: A | D4: =COUNTIFS(Census!B:B,Compare_ClassRegion!B4,Census!C:C,Compare_ClassRegion!C4) -> 62 | E4: =IF(D4=0,0,SUMIFS(Experience_12m!$G:$G,Experience_12m!$B:$B,$A4,Experience_12m!$C:$C,$B4,Experience_12m!$D:$D,$C4)/D4/12) -> 36.290323 | F4: =IF(D4=0,0,AVERAGEIFS(Census!$I:$I,Census!$B:$B,$B4,Census!$C:$C,$C4)) -> 94355.016 | G4: =IF(A4="Health",VLOOKUP(C4&"|"&B4,rate_tables!$A$3:$B$8,2,FALSE),IF(A4="Dental",VLOOKUP(C4&"|"&B4,rate_tables!$A$12:$B$17,2,FALSE),IF(A4="STD",VLOOKUP(C4&"|All",rate_tables!$D$21:$E$22,2,FALSE)*F4/12,VLOOKUP(C4&"|All",rate_tables!$D$32:$E$33,2,FALSE)*F4/12))) -> 90 | H4: =E4/G4 -> 0.40322581 | I4: =IF(H4>=1.1,"Unfavorable",IF(H4<0.9,"Favorable","Neutral")) -> Favorable
A5: Health | B5: QC | C5: B | D5: =COUNTIFS(Census!B:B,Compare_ClassRegion!B5,Census!C:C,Compare_ClassRegion!C5) -> 31 | E5: =IF(D5=0,0,SUMIFS(Experience_12m!$G:$G,Experience_12m!$B:$B,$A5,Experience_12m!$C:$C,$B5,Experience_12m!$D:$D,$C5)/D5/12) -> 40.322581 | F5: =IF(D5=0,0,AVERAGEIFS(Census!$I:$I,Census!$B:$B,$B5,Census!$C:$C,$C5)) -> 62145.032 | G5: =IF(A5="Health",VLOOKUP(C5&"|"&B5,rate_tables!$A$3:$B$8,2,FALSE),IF(A5="Dental",VLOOKUP(C5&"|"&B5,rate_tables!$A$12:$B$17,2,FALSE),IF(A5="STD",VLOOKUP(C5&"|All",rate_tables!$D$21:$E$22,2,FALSE)*F5/12,VLOOKUP(C5&"|All",rate_tables!$D$32:$E$33,2,FALSE)*F5/12))) -> 100 | H5: =E5/G5 -> 0.40322581 | I5: =IF(H5>=1.1,"Unfavorable",IF(H5<0.9,"Favorable","Neutral")) -> Favorable
A6: Health | B6: BC | C6: A | D6: =COUNTIFS(Census!B:B,Compare_ClassRegion!B6,Census!C:C,Compare_ClassRegion!C6) -> 72 | E6: =IF(D6=0,0,SUMIFS(Experience_12m!$G:$G,Experience_12m!$B:$B,$A6,Experience_12m!$C:$C,$B6,Experience_12m!$D:$D,$C6)/D6/12) -> 38.194444 | F6: =IF(D6=0,0,AVERAGEIFS(Census!$I:$I,Census!$B:$B,$B6,Census!$C:$C,$C6)) -> 94238.5 | G6: =IF(A6="Health",VLOOKUP(C6&"|"&B6,rate_tables!$A$3:$B$8,2,FALSE),IF(A6="Dental",VLOOKUP(C6&"|"&B6,rate_tables!$A$12:$B$17,2,FALSE),IF(A6="STD",VLOOKUP(C6&"|All",rate_tables!$D$21:$E$22,2,FALSE)*F6/12,VLOOKUP(C6&"|All",rate_tables!$D$32:$E$33,2,FALSE)*F6/12))) -> 88 | H6: =E6/G6 -> 0.43402778 | I6: =IF(H6>=1.1,"Unfavorable",IF(H6<0.9,"Favorable","Neutral")) -> Favorable
A7: Health | B7: BC | C7: B | D7: =COUNTIFS(Census!B:B,Compare_ClassRegion!B7,Census!C:C,Compare_ClassRegion!C7) -> 46 | E7: =IF(D7=0,0,SUMIFS(Experience_12m!$G:$G,Experience_12m!$B:$B,$A7,Experience_12m!$C:$C,$B7,Experience_12m!$D:$D,$C7)/D7/12) -> 38.043478 | F7: =IF(D7=0,0,AVERAGEIFS(Census!$I:$I,Census!$B:$B,$B7,Census!$C:$C,$C7)) -> 63166.913 | G7: =IF(A7="Health",VLOOKUP(C7&"|"&B7,rate_tables!$A$3:$B$8,2,FALSE),IF(A7="Dental",VLOOKUP(C7&"|"&B7,rate_tables!$A$12:$B$17,2,FALSE),IF(A7="STD",VLOOKUP(C7&"|All",rate_tables!$D$21:$E$22,2,FALSE)*F7/12,VLOOKUP(C7&"|All",rate_tables!$D$32:$E$33,2,FALSE)*F7/12))) -> 98 | H7: =E7/G7 -> 0.38819876 | I7: =IF(H7>=1.1,"Unfavorable",IF(H7<0.9,"Favorable","Neutral")) -> Favorable
A8: Dental | B8: ON | C8: A | D8: =COUNTIFS(Census!B:B,Compare_ClassRegion!B8,Census!C:C,Compare_ClassRegion!C8) -> 180 | E8: =IF(D8=0,0,SUMIFS(Experience_12m!$G:$G,Experience_12m!$B:$B,$A8,Experience_12m!$C:$C,$B8,Experience_12m!$D:$D,$C8)/D8/12) -> 18 | F8: =IF(D8=0,0,AVERAGEIFS(Census!$I:$I,Census!$B:$B,$B8,Census!$C:$C,$C8)) -> 87217.861 | G8: =IF(A8="Health",VLOOKUP(C8&"|"&B8,rate_tables!$A$3:$B$8,2,FALSE),IF(A8="Dental",VLOOKUP(C8&"|"&B8,rate_tables!$A$12:$B$17,2,FALSE),IF(A8="STD",VLOOKUP(C8&"|All",rate_tables!$D$21:$E$22,2,FALSE)*F8/12,VLOOKUP(C8&"|All",rate_tables!$D$32:$E$33,2,FALSE)*F8/12))) -> 35 | H8: =E8/G8 -> 0.51428571 | I8: =IF(H8>=1.1,"Unfavorable",IF(H8<0.9,"Favorable","Neutral")) -> Favorable
A9: Dental | B9: ON | C9: B | D9: =COUNTIFS(Census!B:B,Compare_ClassRegion!B9,Census!C:C,Compare_ClassRegion!C9) -> 109 | E9: =IF(D9=0,0,SUMIFS(Experience_12m!$G:$G,Experience_12m!$B:$B,$A9,Experience_12m!$C:$C,$B9,Experience_12m!$D:$D,$C9)/D9/12) -> 18.165138 | F9: =IF(D9=0,0,AVERAGEIFS(Census!$I:$I,Census!$B:$B,$B9,Census!$C:$C,$C9)) -> 64842.018 | G9: =IF(A9="Health",VLOOKUP(C9&"|"&B9,rate_tables!$A$3:$B$8,2,FALSE),IF(A9="Dental",VLOOKUP(C9&"|"&B9,rate_tables!$A$12:$B$17,2,FALSE),IF(A9="STD",VLOOKUP(C9&"|All",rate_tables!$D$21:$E$22,2,FALSE)*F9/12,VLOOKUP(C9&"|All",rate_tables!$D$32:$E$33,2,FALSE)*F9/12))) -> 40 | H9: =E9/G9 -> 0.45412844 | I9: =IF(H9>=1.1,"Unfavorable",IF(H9<0.9,"Favorable","Neutral")) -> Favorable
A10: Dental | B10: QC | C10: A | D10: =COUNTIFS(Census!B:B,Compare_ClassRegion!B10,Census!C:C,Compare_ClassRegion!C10) -> 62 | E10: =IF(D10=0,0,SUMIFS(Experience_12m!$G:$G,Experience_12m!$B:$B,$A10,Experience_12m!$C:$C,$B10,Experience_12m!$D:$D,$C10)/D10/12) -> 17.419355 | F10: =IF(D10=0,0,AVERAGEIFS(Census!$I:$I,Census!$B:$B,$B10,Census!$C:$C,$C10)) -> 94355.016 | G10: =IF(A10="Health",VLOOKUP(C10&"|"&B10,rate_tables!$A$3:$B$8,2,FALSE),IF(A10="Dental",VLOOKUP(C10&"|"&B10,rate_tables!$A$12:$B$17,2,FALSE),IF(A10="STD",VLOOKUP(C10&"|All",rate_tables!$D$21:$E$22,2,FALSE)*F10/12,VLOOKUP(C10&"|All",rate_tables!$D$32:$E$33,2,FALSE)*F10/12))) -> 37 | H10: =E10/G10 -> 0.47079337 | I10: =IF(H10>=1.1,"Unfavorable",IF(H10<0.9,"Favorable","Neutral")) -> Favorable
A11: Dental | B11: QC | C11: B | D11: =COUNTIFS(Census!B:B,Compare_ClassRegion!B11,Census!C:C,Compare_ClassRegion!C11) -> 31 | E11: =IF(D11=0,0,SUMIFS(Experience_12m!$G:$G,Experience_12m!$B:$B,$A11,Experience_12m!$C:$C,$B11,Experience_12m!$D:$D,$C11)/D11/12) -> 17.419355 | F11: =IF(D11=0,0,AVERAGEIFS(Census!$I:$I,Census!$B:$B,$B11,Census!$C:$C,$C11)) -> 62145.032 | G11: =IF(A11="Health",VLOOKUP(C11&"|"&B11,rate_tables!$A$3:$B$8,2,FALSE),IF(A11="Dental",VLOOKUP(C11&"|"&B11,rate_tables!$A$12:$B$17,2,FALSE),IF(A11="STD",VLOOKUP(C11&"|All",rate_tables!$D$21:$E$22,2,FALSE)*F11/12,VLOOKUP(C11&"|All",rate_tables!$D$32:$E$33,2,FALSE)*F11/12))) -> 42 | H11: =E11/G11 -> 0.41474654 | I11: =IF(H11>=1.1,"Unfavorable",IF(H11<0.9,"Favorable","Neutral")) -> Favorable
A12: Dental | B12: BC | C12: A | D12: =COUNTIFS(Census!B:B,Compare_ClassRegion!B12,Census!C:C,Compare_ClassRegion!C12) -> 72 | E12: =IF(D12=0,0,SUMIFS(Experience_12m!$G:$G,Experience_12m!$B:$B,$A12,Experience_12m!$C:$C,$B12,Experience_12m!$D:$D,$C12)/D12/12) -> 17.5 | F12: =IF(D12=0,0,AVERAGEIFS(Census!$I:$I,Census!$B:$B,$B12,Census!$C:$C,$C12)) -> 94238.5 | G12: =IF(A12="Health",VLOOKUP(C12&"|"&B12,rate_tables!$A$3:$B$8,2,FALSE),IF(A12="Dental",VLOOKUP(C12&"|"&B12,rate_tables!$A$12:$B$17,2,FALSE),IF(A12="STD",VLOOKUP(C12&"|All",rate_tables!$D$21:$E$22,2,FALSE)*F12/12,VLOOKUP(C12&"|All",rate_tables!$D$32:$E$33,2,FALSE)*F12/12))) -> 36 | H12: =E12/G12 -> 0.48611111 | I12: =IF(H12>=1.1,"Unfavorable",IF(H12<0.9,"Favorable","Neutral")) -> Favorable
A13: Dental | B13: BC | C13: B | D13: =COUNTIFS(Census!B:B,Compare_ClassRegion!B13,Census!C:C,Compare_ClassRegion!C13) -> 46 | E13: =IF(D13=0,0,SUMIFS(Experience_12m!$G:$G,Experience_12m!$B:$B,$A13,Experience_12m!$C:$C,$B13,Experience_12m!$D:$D,$C13)/D13/12) -> 19.565217 | F13: =IF(D13=0,0,AVERAGEIFS(Census!$I:$I,Census!$B:$B,$B13,Census!$C:$C,$C13)) -> 63166.913 | G13: =IF(A13="Health",VLOOKUP(C13&"|"&B13,rate_tables!$A$3:$B$8,2,FALSE),IF(A13="Dental",VLOOKUP(C13&"|"&B13,rate_tables!$A$12:$B$17,2,FALSE),IF(A13="STD",VLOOKUP(C13&"|All",rate_tables!$D$21:$E$22,2,FALSE)*F13/12,VLOOKUP(C13&"|All",rate_tables!$D$32:$E$33,2,FALSE)*F13/12))) -> 41 | H13: =E13/G13 -> 0.47720042 | I13: =IF(H13>=1.1,"Unfavorable",IF(H13<0.9,"Favorable","Neutral")) -> Favorable
... A25: LTD | B25: BC | C25: B | D25: =COUNTIFS(Census!B:B,Compare_ClassRegion!B25,Census!C:C,Compare_ClassRegion!C25) -> 46 | E25: =IF(D25=0,0,SUMIFS(Experience_12m!$G:$G,Experience_12m!$B:$B,$A25,Experience_12m!$C:$C,$B25,Experience_12m!$D:$D,$C25)/D25/12) -> 0 | F25: =IF(D25=0,0,AVERAGEIFS(Census!$I:$I,Census!$B:$B,$B25,Census!$C:$C,$C25)) -> 63166.913 | G25: =IF(A25="Health",VLOOKUP(C25&"|"&B25,rate_tables!$A$3:$B$8,2,FALSE),IF(A25="Dental",VLOOKUP(C25&"|"&B25,rate_tables!$A$12:$B$17,2,FALSE),IF(A25="STD",VLOOKUP(C25&"|All",rate_tables!$D$21:$E$22,2,FALSE)*F25/12,VLOOKUP(C25&"|All",rate_tables!$D$32:$E$33,2,FALSE)*F25/12))) -> 18.950074 | H25: =E25/G25 -> 0 | I25: =IF(H25>=1.1,"Unfavorable",IF(H25<0.9,"Favorable","Neutral")) -> Favorable

Sheet Census
A1: EmployeeID | B1: Region | C1: Class | D1: AgeBand | E1: MinAge | F1: MaxAge | G1: Age | H1: Smoker | I1: Salary | J1: Life_FaceAmount
A2: 1 | B2: BC | C2: A | D2: 35-44 | E2: 35 | F2: 44 | G2: 40 | H2: N | I2: 118126 | J2: 118126
A3: 2 | B3: QC | C3: B | D3: 35-44 | E3: 35 | F3: 44 | G3: 41 | H3: N | I3: 55747 | J3: 55747
A4: 3 | B4: ON | C4: A | D4: 45-54 | E4: 45 | F4: 54 | G4: 47 | H4: N | I4: 52606 | J4: 52606
A5: 4 | B5: ON | C5: A | D5: 25-34 | E5: 25 | F5: 34 | G5: 28 | H5: N | I5: 86427 | J5: 86427
A6: 5 | B6: ON | C6: B | D6: 45-54 | E6: 45 | F6: 54 | G6: 51 | H6: N | I6: 55232 | J6: 55232
A7: 6 | B7: BC | C7: A | D7: 55-64 | E7: 55 | F7: 64 | G7: 55 | H7: Y | I7: 102198 | J7: 102198
A8: 7 | B8: BC | C8: A | D8: 55-64 | E8: 55 | F8: 64 | G8: 56 | H8: N | I8: 113160 | J8: 113160
A9: 8 | B9: ON | C9: A | D9: 45-54 | E9: 45 | F9: 54 | G9: 50 | H9: Y | I9: 88114 | J9: 88114
A10: 9 | B10: ON | C10: A | D10: 55-64 | E10: 55 | F10: 64 | G10: 55 | H10: N | I10: 118087 | J10: 118087
A11: 10 | B11: ON | C11: B | D11: 35-44 | E11: 35 | F11: 44 | G11: 43 | H11: N | I11: 67714 | J11: 67714
A12: 11 | B12: ON | C12: A | D12: 25-34 | E12: 25 | F12: 34 | G12: 28 | H12: N | I12: 71709 | J12: 71709
A13: 12 | B13: ON | C13: B | D13: 45-54 | E13: 45 | F13: 54 | G13: 45 | H13: N | I13: 71212 | J13: 71212
... A501: 500 | B501: ON | C501: A | D501: 55-64 | E501: 55 | F501: 64 | G501: 55 | H501: N | I501: 87062 | J501: 87062

Sheet Experience_12m
A1: Month | B1: Benefit | C1: Region | D1: Class | E1: Exposure | F1: ClaimCount | G1: ClaimsPaid
A2: =INDEX(Dim_Month!A:A, INT((ROW()-2)/(4*3*2))+2) -> 2025-01 | B2: =INDEX(Dim_Benefit!A:A, MOD(INT((ROW()-2)/(3*2)),4)+2) -> Health | C2: =INDEX(Dim_Region!A:A,MOD(INT((ROW()-2)/2),3)+2) -> ON | D2: =INDEX(Dim_Class!A:A,MOD(ROW()-2,2)+2) -> A | E2: =COUNTIFS(Census!B:B,Experience_12m!C2,Census!C:C,Experience_12m!D2) -> 180 | F2: =ROUND(E2*VLOOKUP(B2,assumptions!$A$3:$B$6,2,FALSE),0) -> 27 | G2: =F2*VLOOKUP(B2,assumptions!$A$11:$B$14,2,FALSE) -> 6750
A3: =INDEX(Dim_Month!A:A, INT((ROW()-2)/(4*3*2))+2) -> 2025-01 | B3: =INDEX(Dim_Benefit!A:A, MOD(INT((ROW()-2)/(3*2)),4)+2) -> Health | C3: =INDEX(Dim_Region!A:A,MOD(INT((ROW()-2)/2),3)+2) -> ON | D3: =INDEX(Dim_Class!A:A,MOD(ROW()-2,2)+2) -> B | E3: =COUNTIFS(Census!B:B,Experience_12m!C3,Census!C:C,Experience_12m!D3) -> 109 | F3: =ROUND(E3*VLOOKUP(B3,assumptions!$A$3:$B$6,2,FALSE),0) -> 16 | G3: =F3*VLOOKUP(B3,assumptions!$A$11:$B$14,2,FALSE) -> 4000
A4: =INDEX(Dim_Month!A:A, INT((ROW()-2)/(4*3*2))+2) -> 2025-01 | B4: =INDEX(Dim_Benefit!A:A, MOD(INT((ROW()-2)/(3*2)),4)+2) -> Health | C4: =INDEX(Dim_Region!A:A,MOD(INT((ROW()-2)/2),3)+2) -> QC | D4: =INDEX(Dim_Class!A:A,MOD(ROW()-2,2)+2) -> A | E4: =COUNTIFS(Census!B:B,Experience_12m!C4,Census!C:C,Experience_12m!D4) -> 62 | F4: =ROUND(E4*VLOOKUP(B4,assumptions!$A$3:$B$6,2,FALSE),0) -> 9 | G4: =F4*VLOOKUP(B4,assumptions!$A$11:$B$14,2,FALSE) -> 2250
A5: =INDEX(Dim_Month!A:A, INT((ROW()-2)/(4*3*2))+2) -> 2025-01 | B5: =INDEX(Dim_Benefit!A:A, MOD(INT((ROW()-2)/(3*2)),4)+2) -> Health | C5: =INDEX(Dim_Region!A:A,MOD(INT((ROW()-2)/2),3)+2) -> QC | D5: =INDEX(Dim_Class!A:A,MOD(ROW()-2,2)+2) -> B | E5: =COUNTIFS(Census!B:B,Experience_12m!C5,Census!C:C,Experience_12m!D5) -> 31 | F5: =ROUND(E5*VLOOKUP(B5,assumptions!$A$3:$B$6,2,FALSE),0) -> 5 | G5: =F5*VLOOKUP(B5,assumptions!$A$11:$B$14,2,FALSE) -> 1250
A6: =INDEX(Dim_Month!A:A, INT((ROW()-2)/(4*3*2))+2) -> 2025-01 | B6: =INDEX(Dim_Benefit!A:A, MOD(INT((ROW()-2)/(3*2)),4)+2) -> Health | C6: =INDEX(Dim_Region!A:A,MOD(INT((ROW()-2)/2),3)+2) -> BC | D6: =INDEX(Dim_Class!A:A,MOD(ROW()-2,2)+2) -> A | E6: =COUNTIFS(Census!B:B,Experience_12m!C6,Census!C:C,Experience_12m!D6) -> 72 | F6: =ROUND(E6*VLOOKUP(B6,assumptions!$A$3:$B$6,2,FALSE),0) -> 11 | G6: =F6*VLOOKUP(B6,assumptions!$A$11:$B$14,2,FALSE) -> 2750
A7: =INDEX(Dim_Month!A:A, INT((ROW()-2)/(4*3*2))+2) -> 2025-01 | B7: =INDEX(Dim_Benefit!A:A, MOD(INT((ROW()-2)/(3*2)),4)+2) -> Health | C7: =INDEX(Dim_Region!A:A,MOD(INT((ROW()-2)/2),3)+2) -> BC | D7: =INDEX(Dim_Class!A:A,MOD(ROW()-2,2)+2) -> B | E7: =COUNTIFS(Census!B:B,Experience_12m!C7,Census!C:C,Experience_12m!D7) -> 46 | F7: =ROUND(E7*VLOOKUP(B7,assumptions!$A$3:$B$6,2,FALSE),0) -> 7 | G7: =F7*VLOOKUP(B7,assumptions!$A$11:$B$14,2,FALSE) -> 1750
A8: =INDEX(Dim_Month!A:A, INT((ROW()-2)/(4*3*2))+2) -> 2025-01 | B8: =INDEX(Dim_Benefit!A:A, MOD(INT((ROW()-2)/(3*2)),4)+2) -> Dental | C8: =INDEX(Dim_Region!A:A,MOD(INT((ROW()-2)/2),3)+2) -> ON | D8: =INDEX(Dim_Class!A:A,MOD(ROW()-2,2)+2) -> A | E8: =COUNTIFS(Census!B:B,Experience_12m!C8,Census!C:C,Experience_12m!D8) -> 180 | F8: =ROUND(E8*VLOOKUP(B8,assumptions!$A$3:$B$6,2,FALSE),0) -> 18 | G8: =F8*VLOOKUP(B8,assumptions!$A$11:$B$14,2,FALSE) -> 3240
A9: =INDEX(Dim_Month!A:A, INT((ROW()-2)/(4*3*2))+2) -> 2025-01 | B9: =INDEX(Dim_Benefit!A:A, MOD(INT((ROW()-2)/(3*2)),4)+2) -> Dental | C9: =INDEX(Dim_Region!A:A,MOD(INT((ROW()-2)/2),3)+2) -> ON | D9: =INDEX(Dim_Class!A:A,MOD(ROW()-2,2)+2) -> B | E9: =COUNTIFS(Census!B:B,Experience_12m!C9,Census!C:C,Experience_12m!D9) -> 109 | F9: =ROUND(E9*VLOOKUP(B9,assumptions!$A$3:$B$6,2,FALSE),0) -> 11 | G9: =F9*VLOOKUP(B9,assumptions!$A$11:$B$14,2,FALSE) -> 1980
A10: =INDEX(Dim_Month!A:A, INT((ROW()-2)/(4*3*2))+2) -> 2025-01 | B10: =INDEX(Dim_Benefit!A:A, MOD(INT((ROW()-2)/(3*2)),4)+2) -> Dental | C10: =INDEX(Dim_Region!A:A,MOD(INT((ROW()-2)/2),3)+2) -> QC | D10: =INDEX(Dim_Class!A:A,MOD(ROW()-2,2)+2) -> A | E10: =COUNTIFS(Census!B:B,Experience_12m!C10,Census!C:C,Experience_12m!D10) -> 62 | F10: =ROUND(E10*VLOOKUP(B10,assumptions!$A$3:$B$6,2,FALSE),0) -> 6 | G10: =F10*VLOOKUP(B10,assumptions!$A$11:$B$14,2,FALSE) -> 1080
A11: =INDEX(Dim_Month!A:A, INT((ROW()-2)/(4*3*2))+2) -> 2025-01 | B11: =INDEX(Dim_Benefit!A:A, MOD(INT((ROW()-2)/(3*2)),4)+2) -> Dental | C11: =INDEX(Dim_Region!A:A,MOD(INT((ROW()-2)/2),3)+2) -> QC | D11: =INDEX(Dim_Class!A:A,MOD(ROW()-2,2)+2) -> B | E11: =COUNTIFS(Census!B:B,Experience_12m!C11,Census!C:C,Experience_12m!D11) -> 31 | F11: =ROUND(E11*VLOOKUP(B11,assumptions!$A$3:$B$6,2,FALSE),0) -> 3 | G11: =F11*VLOOKUP(B11,assumptions!$A$11:$B$14,2,FALSE) -> 540
A12: =INDEX(Dim_Month!A:A, INT((ROW()-2)/(4*3*2))+2) -> 2025-01 | B12: =INDEX(Dim_Benefit!A:A, MOD(INT((ROW()-2)/(3*2)),4)+2) -> Dental | C12: =INDEX(Dim_Region!A:A,MOD(INT((ROW()-2)/2),3)+2) -> BC | D12: =INDEX(Dim_Class!A:A,MOD(ROW()-2,2)+2) -> A | E12: =COUNTIFS(Census!B:B,Experience_12m!C12,Census!C:C,Experience_12m!D12) -> 72 | F12: =ROUND(E12*VLOOKUP(B12,assumptions!$A$3:$B$6,2,FALSE),0) -> 7 | G12: =F12*VLOOKUP(B12,assumptions!$A$11:$B$14,2,FALSE) -> 1260
A13: =INDEX(Dim_Month!A:A, INT((ROW()-2)/(4*3*2))+2) -> 2025-01 | B13: =INDEX(Dim_Benefit!A:A, MOD(INT((ROW()-2)/(3*2)),4)+2) -> Dental | C13: =INDEX(Dim_Region!A:A,MOD(INT((ROW()-2)/2),3)+2) -> BC | D13: =INDEX(Dim_Class!A:A,MOD(ROW()-2,2)+2) -> B | E13: =COUNTIFS(Census!B:B,Experience_12m!C13,Census!C:C,Experience_12m!D13) -> 46 | F13: =ROUND(E13*VLOOKUP(B13,assumptions!$A$3:$B$6,2,FALSE),0) -> 5 | G13: =F13*VLOOKUP(B13,assumptions!$A$11:$B$14,2,FALSE) -> 900
... A289: =INDEX(Dim_Month!A:A, INT((ROW()-2)/(4*3*2))+2) -> 2025-12 | B289: =INDEX(Dim_Benefit!A:A, MOD(INT((ROW()-2)/(3*2)),4)+2) -> LTD | C289: =INDEX(Dim_Region!A:A,MOD(INT((ROW()-2)/2),3)+2) -> BC | D289: =INDEX(Dim_Class!A:A,MOD(ROW()-2,2)+2) -> B | E289: =COUNTIFS(Census!B:B,Experience_12m!C289,Census!C:C,Experience_12m!D289) -> 46 | F289: =ROUND(E289*VLOOKUP(B289,assumptions!$A$3:$B$6,2,FALSE),0) -> 0 | G289: =F289*VLOOKUP(B289,assumptions!$A$11:$B$14,2,FALSE) -> 0

Sheet ManualPremium
A1: EmployeeID | B1: Region | C1: Class | D1: AgeBand | E1: Salary | F1: HealthRate | G1: DentalRate | H1: STDRate | I1: LTDRate | J1: HealthPrem_M | K1: DentalPrem_M | L1: STDPrem_M | M1: LTDPrem_M | N1: TotalPrem_M
A2: 1 | B2: BC | C2: A | D2: 35-44 | E2: 118126 | F2: =VLOOKUP(C2&"|"&B2,rate_tables!$A$3:$B$8,2,FALSE) -> 88 | G2: =VLOOKUP(C2&"|"&B2,rate_tables!$A$12:$B$17,2,FALSE) -> 36 | H2: =VLOOKUP(C2&"|"&D2,rate_tables!$A$21:$B$28,2,FALSE) -> 0.001 | I2: =VLOOKUP(C2&"|"&D2,rate_tables!$A$32:$B$39,2,FALSE) -> 0.002 | J2: =F2 -> 88 | K2: =G2 -> 36 | L2: =H2*E2/12 -> 9.8438333 | M2: =I2*E2/12 -> 19.687667 | N2: =SUM(J2:M2) -> 153.5315
A3: 2 | B3: QC | C3: B | D3: 35-44 | E3: 55747 | F3: =VLOOKUP(C3&"|"&B3,rate_tables!$A$3:$B$8,2,FALSE) -> 100 | G3: =VLOOKUP(C3&"|"&B3,rate_tables!$A$12:$B$17,2,FALSE) -> 42 | H3: =VLOOKUP(C3&"|"&D3,rate_tables!$A$21:$B$28,2,FALSE) -> 0.0013 | I3: =VLOOKUP(C3&"|"&D3,rate_tables!$A$32:$B$39,2,FALSE) -> 0.0026 | J3: =F3 -> 100 | K3: =G3 -> 42 | L3: =H3*E3/12 -> 6.0392583 | M3: =I3*E3/12 -> 12.078517 | N3: =SUM(J3:M3) -> 160.11777
A4: 3 | B4: ON | C4: A | D4: 45-54 | E4: 52606 | F4: =VLOOKUP(C4&"|"&B4,rate_tables!$A$3:$B$8,2,FALSE) -> 85 | G4: =VLOOKUP(C4&"|"&B4,rate_tables!$A$12:$B$17,2,FALSE) -> 35 | H4: =VLOOKUP(C4&"|"&D4,rate_tables!$A$21:$B$28,2,FALSE) -> 0.0014 | I4: =VLOOKUP(C4&"|"&D4,rate_tables!$A$32:$B$39,2,FALSE) -> 0.003 | J4: =F4 -> 85 | K4: =G4 -> 35 | L4: =H4*E4/12 -> 6.1373667 | M4: =I4*E4/12 -> 13.1515 | N4: =SUM(J4:M4) -> 139.28887
A5: 4 | B5: ON | C5: A | D5: 25-34 | E5: 86427 | F5: =VLOOKUP(C5&"|"&B5,rate_tables!$A$3:$B$8,2,FALSE) -> 85 | G5: =VLOOKUP(C5&"|"&B5,rate_tables!$A$12:$B$17,2,FALSE) -> 35 | H5: =VLOOKUP(C5&"|"&D5,rate_tables!$A$21:$B$28,2,FALSE) -> 0.0008 | I5: =VLOOKUP(C5&"|"&D5,rate_tables!$A$32:$B$39,2,FALSE) -> 0.0016 | J5: =F5 -> 85 | K5: =G5 -> 35 | L5: =H5*E5/12 -> 5.7618 | M5: =I5*E5/12 -> 11.5236 | N5: =SUM(J5:M5) -> 137.2854
A6: 5 | B6: ON | C6: B | D6: 45-54 | E6: 55232 | F6: =VLOOKUP(C6&"|"&B6,rate_tables!$A$3:$B$8,2,FALSE) -> 95 | G6: =VLOOKUP(C6&"|"&B6,rate_tables!$A$12:$B$17,2,FALSE) -> 40 | H6: =VLOOKUP(C6&"|"&D6,rate_tables!$A$21:$B$28,2,FALSE) -> 0.0018 | I6: =VLOOKUP(C6&"|"&D6,rate_tables!$A$32:$B$39,2,FALSE) -> 0.0038 | J6: =F6 -> 95 | K6: =G6 -> 40 | L6: =H6*E6/12 -> 8.2848 | M6: =I6*E6/12 -> 17.490133 | N6: =SUM(J6:M6) -> 160.77493
A7: 6 | B7: BC | C7: A | D7: 55-64 | E7: 102198 | F7: =VLOOKUP(C7&"|"&B7,rate_tables!$A$3:$B$8,2,FALSE) -> 88 | G7: =VLOOKUP(C7&"|"&B7,rate_tables!$A$12:$B$17,2,FALSE) -> 36 | H7: =VLOOKUP(C7&"|"&D7,rate_tables!$A$21:$B$28,2,FALSE) -> 0.002 | I7: =VLOOKUP(C7&"|"&D7,rate_tables!$A$32:$B$39,2,FALSE) -> 0.0044 | J7: =F7 -> 88 | K7: =G7 -> 36 | L7: =H7*E7/12 -> 17.033 | M7: =I7*E7/12 -> 37.4726 | N7: =SUM(J7:M7) -> 178.5056
A8: 7 | B8: BC | C8: A | D8: 55-64 | E8: 113160 | F8: =VLOOKUP(C8&"|"&B8,rate_tables!$A$3:$B$8,2,FALSE) -> 88 | G8: =VLOOKUP(C8&"|"&B8,rate_tables!$A$12:$B$17,2,FALSE) -> 36 | H8: =VLOOKUP(C8&"|"&D8,rate_tables!$A$21:$B$28,2,FALSE) -> 0.002 | I8: =VLOOKUP(C8&"|"&D8,rate_tables!$A$32:$B$39,2,FALSE) -> 0.0044 | J8: =F8 -> 88 | K8: =G8 -> 36 | L8: =H8*E8/12 -> 18.86 | M8: =I8*E8/12 -> 41.492 | N8: =SUM(J8:M8) -> 184.352
A9: 8 | B9: ON | C9: A | D9: 45-54 | E9: 88114 | F9: =VLOOKUP(C9&"|"&B9,rate_tables!$A$3:$B$8,2,FALSE) -> 85 | G9: =VLOOKUP(C9&"|"&B9,rate_tables!$A$12:$B$17,2,FALSE) -> 35 | H9: =VLOOKUP(C9&"|"&D9,rate_tables!$A$21:$B$28,2,FALSE) -> 0.0014 | I9: =VLOOKUP(C9&"|"&D9,rate_tables!$A$32:$B$39,2,FALSE) -> 0.003 | J9: =F9 -> 85 | K9: =G9 -> 35 | L9: =H9*E9/12 -> 10.279967 | M9: =I9*E9/12 -> 22.0285 | N9: =SUM(J9:M9) -> 152.30847
A10: 9 | B10: ON | C10: A | D10: 55-64 | E10: 118087 | F10: =VLOOKUP(C10&"|"&B10,rate_tables!$A$3:$B$8,2,FALSE) -> 85 | G10: =VLOOKUP(C10&"|"&B10,rate_tables!$A$12:$B$17,2,FALSE) -> 35 | H10: =VLOOKUP(C10&"|"&D10,rate_tables!$A$21:$B$28,2,FALSE) -> 0.002 | I10: =VLOOKUP(C10&"|"&D10,rate_tables!$A$32:$B$39,2,FALSE) -> 0.0044 | J10: =F10 -> 85 | K10: =G10 -> 35 | L10: =H10*E10/12 -> 19.681167 | M10: =I10*E10/12 -> 43.298567 | N10: =SUM(J10:M10) -> 182.97973
A11: 10 | B11: ON | C11: B | D11: 35-44 | E11: 67714 | F11: =VLOOKUP(C11&"|"&B11,rate_tables!$A$3:$B$8,2,FALSE) -> 95 | G11: =VLOOKUP(C11&"|"&B11,rate_tables!$A$12:$B$17,2,FALSE) -> 40 | H11: =VLOOKUP(C11&"|"&D11,rate_tables!$A$21:$B$28,2,FALSE) -> 0.0013 | I11: =VLOOKUP(C11&"|"&D11,rate_tables!$A$32:$B$39,2,FALSE) -> 0.0026 | J11: =F11 -> 95 | K11: =G11 -> 40 | L11: =H11*E11/12 -> 7.3356833 | M11: =I11*E11/12 -> 14.671367 | N11: =SUM(J11:M11) -> 157.00705
A12: 11 | B12: ON | C12: A | D12: 25-34 | E12: 71709 | F12: =VLOOKUP(C12&"|"&B12,rate_tables!$A$3:$B$8,2,FALSE) -> 85 | G12: =VLOOKUP(C12&"|"&B12,rate_tables!$A$12:$B$17,2,FALSE) -> 35 | H12: =VLOOKUP(C12&"|"&D12,rate_tables!$A$21:$B$28,2,FALSE) -> 0.0008 | I12: =VLOOKUP(C12&"|"&D12,rate_tables!$A$32:$B$39,2,FALSE) -> 0.0016 | J12: =F12 -> 85 | K12: =G12 -> 35 | L12: =H12*E12/12 -> 4.7806 | M12: =I12*E12/12 -> 9.5612 | N12: =SUM(J12:M12) -> 134.3418
A13: 12 | B13: ON | C13: B | D13: 45-54 | E13: 71212 | F13: =VLOOKUP(C13&"|"&B13,rate_tables!$A$3:$B$8,2,FALSE) -> 95 | G13: =VLOOKUP(C13&"|"&B13,rate_tables!$A$12:$B$17,2,FALSE) -> 40 | H13: =VLOOKUP(C13&"|"&D13,rate_tables!$A$21:$B$28,2,FALSE) -> 0.0018 | I13: =VLOOKUP(C13&"|"&D13,rate_tables!$A$32:$B$39,2,FALSE) -> 0.0038 | J13: =F13 -> 95 | K13: =G13 -> 40 | L13: =H13*E13/12 -> 10.6818 | M13: =I13*E13/12 -> 22.550467 | N13: =SUM(J13:M13) -> 168.23227
... A501: 500 | B501: ON | C501: A | D501: 55-64 | E501: 87062 | F501: =VLOOKUP(C501&"|"&B501,rate_tables!$A$3:$B$8,2,FALSE) -> 85 | G501: =VLOOKUP(C501&"|"&B501,rate_tables!$A$12:$B$17,2,FALSE) -> 35 | H501: =VLOOKUP(C501&"|"&D501,rate_tables!$A$21:$B$28,2,FALSE) -> 0.002 | I501: =VLOOKUP(C501&"|"&D501,rate_tables!$A$32:$B$39,2,FALSE) -> 0.0044 | J501: =F501 -> 85 | K501: =G501 -> 35 | L501: =H501*E501/12 -> 14.510333 | M501: =I501*E501/12 -> 31.922733 | N501: =SUM(J501:M501) -> 166.43307

Sheet distribution
A1: Field | B1: Value | C1: Probability | D1: CumProb
A2: Region | B2: ON | C2: 0.55 | D2: =SUM($C$2:C2) -> 0.55
A3: Region | B3: QC | C3: 0.2 | D3: =SUM($C$2:C3) -> 0.75
A4: Region | B4: BC | C4: 0.25 | D4: =SUM($C$2:C4) -> 1
A5: Class | B5: A | C5: 0.65 | D5: =SUM($C$5:C5) -> 0.65
A6: Class | B6: B | C6: 0.35 | D6: =SUM($C$5:C6) -> 1
A7: AgeBand | B7: 25-34 | C7: 0.25 | D7: =SUM($C$7:C7) -> 0.25
A8: AgeBand | B8: 35-44 | C8: 0.35 | D8: =SUM($C$7:C8) -> 0.6
A9: AgeBand | B9: 45-54 | C9: 0.25 | D9: =SUM($C$7:C9) -> 0.85
A10: AgeBand | B10: 55-64 | C10: 0.15 | D10: =SUM($C$7:C10) -> 1
A11: Smoker | B11: N | C11: 0.85 | D11: =SUM($C$11:C11) -> 0.85
A12: Smoker | B12: Y | C12: 0.15 | D12: =SUM($C$11:C12) -> 1

Sheet age_band
A1: AgeBand | B1: MinAge | C1: MaxAge
A2: 25-34 | B2: 25 | C2: 34
A3: 35-44 | B3: 35 | C3: 44
A4: 45-54 | B4: 45 | C4: 54
A5: 55-64 | B5: 55 | C5: 64

Sheet assumptions
A1: Assumptions on how many people use each type of insurance per month
A2: Benefit | B2: %
A3: Health | B3: 0.15
A4: Dental | B4: 0.1
A5: STD | B5: 0.01
A6: LTD | B6: 0.003
A8: Assumptions on cost per claim
A9: Cost per claim (severity)
A10: Benefit | B10: claim
A11: Health | B11: 250
A12: Dental | B12: 180
A13: STD | B13: 1200
A14: LTD | B14: 6000

Sheet manual_rate_table
A1: Health & Dental
A2: BenefitLine | B2: RateBasis | C2: Class | D2: Region | E2: AgeBand | F2: ManualRate
A3: Health | B3: PLPM | C3: A | D3: ON | E3: All | F3: 85
A4: Health | B4: PLPM | C4: A | D4: QC | E4: All | F4: 90
A5: Health | B5: PLPM | C5: A | D5: BC | E5: All | F5: 88
A6: Health | B6: PLPM | C6: B | D6: ON | E6: All | F6: 95
A7: Health | B7: PLPM | C7: B | D7: QC | E7: All | F7: 100
A8: Health | B8: PLPM | C8: B | D8: BC | E8: All | F8: 98
A9: Dental | B9: PLPM | C9: A | D9: ON | E9: All | F9: 35
A10: Dental | B10: PLPM | C10: A | D10: QC | E10: All | F10: 37
A11: Dental | B11: PLPM | C11: A | D11: BC | E11: All | F11: 36
A12: Dental | B12: PLPM | C12: B | D12: ON | E12: All | F12: 40
A13: Dental | B13: PLPM | C13: B | D13: QC | E13: All | F13: 42
A14: Dental | B14: PLPM | C14: B | D14: BC | E14: All | F14: 41
A16: STD & LTD
A17: BenefitLine | B17: RateBasis | C17: Class | D17: Region | E17: AgeBand | F17: ManualRate
A18: STD | B18: %Salary | C18: A | D18: All | E18: 25-34 | F18: 0.0008
A19: STD | B19: %Salary | C19: A | D19: All | E19: 35-44 | F19: 0.001
A20: STD | B20: %Salary | C20: A | D20: All | E20: 45-54 | F20: 0.0014
A21: STD | B21: %Salary | C21: A | D21: All | E21: 55-64 | F21: 0.002
A22: STD | B22: %Salary | C22: B | D22: All | E22: 25-34 | F22: 0.001
A23: STD | B23: %Salary | C23: B | D23: All | E23: 35-44 | F23: 0.0013
A24: STD | B24: %Salary | C24: B | D24: All | E24: 45-54 | F24: 0.0018
A25: STD | B25: %Salary | C25: B | D25: All | E25: 55-64 | F25: 0.0026
A26: LTD | B26: %Salary | C26: A | D26: All | E26: 25-34 | F26: 0.0016
A27: LTD | B27: %Salary | C27: A | D27: All | E27: 35-44 | F27: 0.002
A28: LTD | B28: %Salary | C28: A | D28: All | E28: 45-54 | F28: 0.003
A29: LTD | B29: %Salary | C29: A | D29: All | E29: 55-64 | F29: 0.0044
... A33: LTD | B33: %Salary | C33: B | D33: All | E33: 55-64 | F33: 0.0056

Sheet rate_tables
A1: HealthRates (Key = Class|Region)
A2: Key | B2: Rate
A3: A|ON | B3: 85
A4: A|QC | B4: 90
A5: A|BC | B5: 88
A6: B|ON | B6: 95
A7: B|QC | B7: 100
A8: B|BC | B8: 98
A10: DentalRates (Key = Class|Region)
A11: Key | B11: Rate
A12: A|ON | B12: 35
A13: A|QC | B13: 37
A14: A|BC | B14: 36
A15: B|ON | B15: 40
A16: B|QC | B16: 42
A17: B|BC | B17: 41
A19: STDRates (Key = Class|AgeBand)
A20: Key | B20: Rate | D20: Key | E20: Rate
A21: A|25-34 | B21: 0.0008 | D21: A|All | E21: 0.0013
A22: A|35-44 | B22: 0.001 | D22: B|All | E22: 0.0017
A23: A|45-54 | B23: 0.0014
A24: A|55-64 | B24: 0.002
A25: B|25-34 | B25: 0.001
A26: B|35-44 | B26: 0.0013
A27: B|45-54 | B27: 0.0018
A28: B|55-64 | B28: 0.0026
A30: LTDRates (Key = Class|AgeBand)
A31: Key | B31: Rate | D31: Key | E31: Rate
A32: A|25-34 | B32: 0.0016 | D32: A|All | E32: 0.0028
A33: A|35-44 | B33: 0.002 | D33: B|All | E33: 0.0036
A34: A|45-54 | B34: 0.003
A35: A|55-64 | B35: 0.0044
A36: B|25-34 | B36: 0.002
A37: B|35-44 | B37: 0.0026
A38: B|45-54 | B38: 0.0038
A39: B|55-64 | B39: 0.0056

Sheet census_formula
A1: EmployeeID | B1: rRegion | C1: Region | D1: rClass | E1: Class | F1: rAgeBand | G1: AgeBand | H1: MinAge | I1: MaxAge | J1: Age | K1: rSmoker | L1: Smoker | M1: Salary | N1: Life_FaceAmount
A2: 1 | B2: =RAND() -> 0.80188738 | C2: =IF(B2<=distribution!$D$2,distribution!$B$2,IF(B2<=distribution!$D$3,distribution!$B$3,distribution!$B$4)) -> BC | D2: =RAND() -> 0.95525206 | E2: =IF(D2<=distribution!$D$5,distribution!$B$5,distribution!$B$6) -> B | F2: =RAND() -> 0.097956684 | G2: =IF(F2<=distribution!$D$7,distribution!$B$7,IF(F2<=distribution!$D$8,distribution!$B$8,IF(F2<=distribution!$D$9,distribution!$B$9,distribution!$B$10))) -> 25-34 | H2: =VLOOKUP(G2,age_band!$A$1:$C$5,2,FALSE) -> 25 | I2: =VLOOKUP(G2,age_band!$A$2:$C$5,3,FALSE) -> 34 | J2: =RANDBETWEEN(H2,I2) -> 25 | K2: =RAND() -> 0.52963367 | L2: =IF(K2<=distribution!$D$11,distribution!$B$11,distribution!$B$12) -> N | M2: =IF(E2="A",RANDBETWEEN(50000,130000),RANDBETWEEN(45000,80000)) -> 63687 | N2: =MIN(M2*1,200000) -> 63687
A3: =A2+1 -> 2 | B3: =RAND() -> 0.38320187 | C3: =IF(B3<=distribution!$D$2,distribution!$B$2,IF(B3<=distribution!$D$3,distribution!$B$3,distribution!$B$4)) -> ON | D3: =RAND() -> 0.35092065 | E3: =IF(D3<=distribution!$D$5,distribution!$B$5,distribution!$B$6) -> A | F3: =RAND() -> 0.88827563 | G3: =IF(F3<=distribution!$D$7,distribution!$B$7,IF(F3<=distribution!$D$8,distribution!$B$8,IF(F3<=distribution!$D$9,distribution!$B$9,distribution!$B$10))) -> 55-64 | H3: =VLOOKUP(G3,age_band!$A$1:$C$5,2,FALSE) -> 55 | I3: =VLOOKUP(G3,age_band!$A$2:$C$5,3,FALSE) -> 64 | J3: =RANDBETWEEN(H3,I3) -> 59 | K3: =RAND() -> 0.50079983 | L3: =IF(K3<=distribution!$D$11,distribution!$B$11,distribution!$B$12) -> N | M3: =IF(E3="A",RANDBETWEEN(50000,130000),RANDBETWEEN(45000,80000)) -> 69826 | N3: =MIN(M3*1,200000) -> 69826
A4: =A3+1 -> 3 | B4: =RAND() -> 0.45786663 | C4: =IF(B4<=distribution!$D$2,distribution!$B$2,IF(B4<=distribution!$D$3,distribution!$B$3,distribution!$B$4)) -> ON | D4: =RAND() -> 0.46767892 | E4: =IF(D4<=distribution!$D$5,distribution!$B$5,distribution!$B$6) -> A | F4: =RAND() -> 0.96992968 | G4: =IF(F4<=distribution!$D$7,distribution!$B$7,IF(F4<=distribution!$D$8,distribution!$B$8,IF(F4<=distribution!$D$9,distribution!$B$9,distribution!$B$10))) -> 55-64 | H4: =VLOOKUP(G4,age_band!$A$1:$C$5,2,FALSE) -> 55 | I4: =VLOOKUP(G4,age_band!$A$2:$C$5,3,FALSE) -> 64 | J4: =RANDBETWEEN(H4,I4) -> 62 | K4: =RAND() -> 0.37926189 | L4: =IF(K4<=distribution!$D$11,distribution!$B$11,distribution!$B$12) -> N | M4: =IF(E4="A",RANDBETWEEN(50000,130000),RANDBETWEEN(45000,80000)) -> 81885 | N4: =MIN(M4*1,200000) -> 81885
A5: =A4+1 -> 4 | B5: =RAND() -> 0.71778284 | C5: =IF(B5<=distribution!$D$2,distribution!$B$2,IF(B5<=distribution!$D$3,distribution!$B$3,distribution!$B$4)) -> QC | D5: =RAND() -> 0.39025716 | E5: =IF(D5<=distribution!$D$5,distribution!$B$5,distribution!$B$6) -> A | F5: =RAND() -> 0.20138038 | G5: =IF(F5<=distribution!$D$7,distribution!$B$7,IF(F5<=distribution!$D$8,distribution!$B$8,IF(F5<=distribution!$D$9,distribution!$B$9,distribution!$B$10))) -> 25-34 | H5: =VLOOKUP(G5,age_band!$A$1:$C$5,2,FALSE) -> 25 | I5: =VLOOKUP(G5,age_band!$A$2:$C$5,3,FALSE) -> 34 | J5: =RANDBETWEEN(H5,I5) -> 30 | K5: =RAND() -> 0.072512099 | L5: =IF(K5<=distribution!$D$11,distribution!$B$11,distribution!$B$12) -> N | M5: =IF(E5="A",RANDBETWEEN(50000,130000),RANDBETWEEN(45000,80000)) -> 110953 | N5: =MIN(M5*1,200000) -> 110953
A6: =A5+1 -> 5 | B6: =RAND() -> 0.29852733 | C6: =IF(B6<=distribution!$D$2,distribution!$B$2,IF(B6<=distribution!$D$3,distribution!$B$3,distribution!$B$4)) -> ON | D6: =RAND() -> 0.96711679 | E6: =IF(D6<=distribution!$D$5,distribution!$B$5,distribution!$B$6) -> B | F6: =RAND() -> 0.42793915 | G6: =IF(F6<=distribution!$D$7,distribution!$B$7,IF(F6<=distribution!$D$8,distribution!$B$8,IF(F6<=distribution!$D$9,distribution!$B$9,distribution!$B$10))) -> 35-44 | H6: =VLOOKUP(G6,age_band!$A$1:$C$5,2,FALSE) -> 35 | I6: =VLOOKUP(G6,age_band!$A$2:$C$5,3,FALSE) -> 44 | J6: =RANDBETWEEN(H6,I6) -> 44 | K6: =RAND() -> 0.2414839 | L6: =IF(K6<=distribution!$D$11,distribution!$B$11,distribution!$B$12) -> N | M6: =IF(E6="A",RANDBETWEEN(50000,130000),RANDBETWEEN(45000,80000)) -> 68421 | N6: =MIN(M6*1,200000) -> 68421
A7: =A6+1 -> 6 | B7: =RAND() -> 0.54951508 | C7: =IF(B7<=distribution!$D$2,distribution!$B$2,IF(B7<=distribution!$D$3,distribution!$B$3,distribution!$B$4)) -> ON | D7: =RAND() -> 0.63780908 | E7: =IF(D7<=distribution!$D$5,distribution!$B$5,distribution!$B$6) -> A | F7: =RAND() -> 0.23486196 | G7: =IF(F7<=distribution!$D$7,distribution!$B$7,IF(F7<=distribution!$D$8,distribution!$B$8,IF(F7<=distribution!$D$9,distribution!$B$9,distribution!$B$10))) -> 25-34 | H7: =VLOOKUP(G7,age_band!$A$1:$C$5,2,FALSE) -> 25 | I7: =VLOOKUP(G7,age_band!$A$2:$C$5,3,FALSE) -> 34 | J7: =RANDBETWEEN(H7,I7) -> 28 | K7: =RAND() -> 0.24897016 | L7: =IF(K7<=distribution!$D$11,distribution!$B$11,distribution!$B$12) -> N | M7: =IF(E7="A",RANDBETWEEN(50000,130000),RANDBETWEEN(45000,80000)) -> 104500 | N7: =MIN(M7*1,200000) -> 104500
A8: =A7+1 -> 7 | B8: =RAND() -> 0.073107589 | C8: =IF(B8<=distribution!$D$2,distribution!$B$2,IF(B8<=distribution!$D$3,distribution!$B$3,distribution!$B$4)) -> ON | D8: =RAND() -> 0.36568499 | E8: =IF(D8<=distribution!$D$5,distribution!$B$5,distribution!$B$6) -> A | F8: =RAND() -> 0.22674573 | G8: =IF(F8<=distribution!$D$7,distribution!$B$7,IF(F8<=distribution!$D$8,distribution!$B$8,IF(F8<=distribution!$D$9,distribution!$B$9,distribution!$B$10))) -> 25-34 | H8: =VLOOKUP(G8,age_band!$A$1:$C$5,2,FALSE) -> 25 | I8: =VLOOKUP(G8,age_band!$A$2:$C$5,3,FALSE) -> 34 | J8: =RANDBETWEEN(H8,I8) -> 25 | K8: =RAND() -> 0.12366144 | L8: =IF(K8<=distribution!$D$11,distribution!$B$11,distribution!$B$12) -> N | M8: =IF(E8="A",RANDBETWEEN(50000,130000),RANDBETWEEN(45000,80000)) -> 56467 | N8: =MIN(M8*1,200000) -> 56467
A9: =A8+1 -> 8 | B9: =RAND() -> 0.0082297571 | C9: =IF(B9<=distribution!$D$2,distribution!$B$2,IF(B9<=distribution!$D$3,distribution!$B$3,distribution!$B$4)) -> ON | D9: =RAND() -> 0.54853041 | E9: =IF(D9<=distribution!$D$5,distribution!$B$5,distribution!$B$6) -> A | F9: =RAND() -> 0.8594788 | G9: =IF(F9<=distribution!$D$7,distribution!$B$7,IF(F9<=distribution!$D$8,distribution!$B$8,IF(F9<=distribution!$D$9,distribution!$B$9,distribution!$B$10))) -> 55-64 | H9: =VLOOKUP(G9,age_band!$A$1:$C$5,2,FALSE) -> 55 | I9: =VLOOKUP(G9,age_band!$A$2:$C$5,3,FALSE) -> 64 | J9: =RANDBETWEEN(H9,I9) -> 57 | K9: =RAND() -> 0.7264299 | L9: =IF(K9<=distribution!$D$11,distribution!$B$11,distribution!$B$12) -> N | M9: =IF(E9="A",RANDBETWEEN(50000,130000),RANDBETWEEN(45000,80000)) -> 70818 | N9: =MIN(M9*1,200000) -> 70818
A10: =A9+1 -> 9 | B10: =RAND() -> 0.38530198 | C10: =IF(B10<=distribution!$D$2,distribution!$B$2,IF(B10<=distribution!$D$3,distribution!$B$3,distribution!$B$4)) -> ON | D10: =RAND() -> 0.26000349 | E10: =IF(D10<=distribution!$D$5,distribution!$B$5,distribution!$B$6) -> A | F10: =RAND() -> 0.3026021 | G10: =IF(F10<=distribution!$D$7,distribution!$B$7,IF(F10<=distribution!$D$8,distribution!$B$8,IF(F10<=distribution!$D$9,distribution!$B$9,distribution!$B$10))) -> 35-44 | H10: =VLOOKUP(G10,age_band!$A$1:$C$5,2,FALSE) -> 35 | I10: =VLOOKUP(G10,age_band!$A$2:$C$5,3,FALSE) -> 44 | J10: =RANDBETWEEN(H10,I10) -> 43 | K10: =RAND() -> 0.92150909 | L10: =IF(K10<=distribution!$D$11,distribution!$B$11,distribution!$B$12) -> Y | M10: =IF(E10="A",RANDBETWEEN(50000,130000),RANDBETWEEN(45000,80000)) -> 93597 | N10: =MIN(M10*1,200000) -> 93597
A11: =A10+1 -> 10 | B11: =RAND() -> 0.93791698 | C11: =IF(B11<=distribution!$D$2,distribution!$B$2,IF(B11<=distribution!$D$3,distribution!$B$3,distribution!$B$4)) -> BC | D11: =RAND() -> 0.23633585 | E11: =IF(D11<=distribution!$D$5,distribution!$B$5,distribution!$B$6) -> A | F11: =RAND() -> 0.83249791 | G11: =IF(F11<=distribution!$D$7,distribution!$B$7,IF(F11<=distribution!$D$8,distribution!$B$8,IF(F11<=distribution!$D$9,distribution!$B$9,distribution!$B$10))) -> 45-54 | H11: =VLOOKUP(G11,age_band!$A$1:$C$5,2,FALSE) -> 45 | I11: =VLOOKUP(G11,age_band!$A$2:$C$5,3,FALSE) -> 54 | J11: =RANDBETWEEN(H11,I11) -> 51 | K11: =RAND() -> 0.92537384 | L11: =IF(K11<=distribution!$D$11,distribution!$B$11,distribution!$B$12) -> Y | M11: =IF(E11="A",RANDBETWEEN(50000,130000),RANDBETWEEN(45000,80000)) -> 54569 | N11: =MIN(M11*1,200000) -> 54569
A12: =A11+1 -> 11 | B12: =RAND() -> 0.42470103 | C12: =IF(B12<=distribution!$D$2,distribution!$B$2,IF(B12<=distribution!$D$3,distribution!$B$3,distribution!$B$4)) -> ON | D12: =RAND() -> 0.66574884 | E12: =IF(D12<=distribution!$D$5,distribution!$B$5,distribution!$B$6) -> B | F12: =RAND() -> 0.12529854 | G12: =IF(F12<=distribution!$D$7,distribution!$B$7,IF(F12<=distribution!$D$8,distribution!$B$8,IF(F12<=distribution!$D$9,distribution!$B$9,distribution!$B$10))) -> 25-34 | H12: =VLOOKUP(G12,age_band!$A$1:$C$5,2,FALSE) -> 25 | I12: =VLOOKUP(G12,age_band!$A$2:$C$5,3,FALSE) -> 34 | J12: =RANDBETWEEN(H12,I12) -> 33 | K12: =RAND() -> 0.97529508 | L12: =IF(K12<=distribution!$D$11,distribution!$B$11,distribution!$B$12) -> Y | M12: =IF(E12="A",RANDBETWEEN(50000,130000),RANDBETWEEN(45000,80000)) -> 64176 | N12: =MIN(M12*1,200000) -> 64176
A13: =A12+1 -> 12 | B13: =RAND() -> 0.019227124 | C13: =IF(B13<=distribution!$D$2,distribution!$B$2,IF(B13<=distribution!$D$3,distribution!$B$3,distribution!$B$4)) -> ON | D13: =RAND() -> 0.25262791 | E13: =IF(D13<=distribution!$D$5,distribution!$B$5,distribution!$B$6) -> A | F13: =RAND() -> 0.77918142 | G13: =IF(F13<=distribution!$D$7,distribution!$B$7,IF(F13<=distribution!$D$8,distribution!$B$8,IF(F13<=distribution!$D$9,distribution!$B$9,distribution!$B$10))) -> 45-54 | H13: =VLOOKUP(G13,age_band!$A$1:$C$5,2,FALSE) -> 45 | I13: =VLOOKUP(G13,age_band!$A$2:$C$5,3,FALSE) -> 54 | J13: =RANDBETWEEN(H13,I13) -> 54 | K13: =RAND() -> 0.7874417 | L13: =IF(K13<=distribution!$D$11,distribution!$B$11,distribution!$B$12) -> N | M13: =IF(E13="A",RANDBETWEEN(50000,130000),RANDBETWEEN(45000,80000)) -> 97996 | N13: =MIN(M13*1,200000) -> 97996
A14: =A13+1 -> 13 | B14: =RAND() -> 0.58057225 | C14: =IF(B14<=distribution!$D$2,distribution!$B$2,IF(B14<=distribution!$D$3,distribution!$B$3,distribution!$B$4)) -> QC | D14: =RAND() -> 0.26431374 | E14: =IF(D14<=distribution!$D$5,distribution!$B$5,distribution!$B$6) -> A | F14: =RAND() -> 0.13240525 | G14: =IF(F14<=distribution!$D$7,distribution!$B$7,IF(F14<=distribution!$D$8,distribution!$B$8,IF(F14<=distribution!$D$9,distribution!$B$9,distribution!$B$10))) -> 25-34 | H14: =VLOOKUP(G14,age_band!$A$1:$C$5,2,FALSE) -> 25 | I14: =VLOOKUP(G14,age_band!$A$2:$C$5,3,FALSE) -> 34 | J14: =RANDBETWEEN(H14,I14) -> 31 | K14: =RAND() -> 0.16411762 | L14: =IF(K14<=distribution!$D$11,distribution!$B$11,distribution!$B$12) -> N | M14: =IF(E14="A",RANDBETWEEN(50000,130000),RANDBETWEEN(45000,80000)) -> 92305 | N14: =MIN(M14*1,200000) -> 92305
... A501: =A500+1 -> 500 | B501: =RAND() -> 0.94452247 | C501: =IF(B501<=distribution!$D$2,distribution!$B$2,IF(B501<=distribution!$D$3,distribution!$B$3,distribution!$B$4)) -> BC | D501: =RAND() -> 0.80218283 | E501: =IF(D501<=distribution!$D$5,distribution!$B$5,distribution!$B$6) -> B | F501: =RAND() -> 0.26866369 | G501: =IF(F501<=distribution!$D$7,distribution!$B$7,IF(F501<=distribution!$D$8,distribution!$B$8,IF(F501<=distribution!$D$9,distribution!$B$9,distribution!$B$10))) -> 35-44 | H501: =VLOOKUP(G501,age_band!$A$1:$C$5,2,FALSE) -> 35 | I501: =VLOOKUP(G501,age_band!$A$2:$C$5,3,FALSE) -> 44 | J501: =RANDBETWEEN(H501,I501) -> 39 | K501: =RAND() -> 0.74145482 | L501: =IF(K501<=distribution!$D$11,distribution!$B$11,distribution!$B$12) -> N | M501: =IF(E501="A",RANDBETWEEN(50000,130000),RANDBETWEEN(45000,80000)) -> 62320 | N501: =MIN(M501*1,200000) -> 62320

Sheet Dim_Month
A1: Month
A2: 2025-01
A3: 2025-02
A4: 2025-03
A5: 2025-04
A6: 2025-05
A7: 2025-06
A8: 2025-07
A9: 2025-08
A10: 2025-09
A11: 2025-10
A12: 2025-11
A13: 2025-12

Sheet Dim_Benefit
A1: Benefit
A2: Health
A3: Dental
A4: STD
A5: LTD

Sheet Dim_Region
A1: Region
A2: ON
A3: QC
A4: BC

Sheet Dim_Class
A1: Class
A2: A
A3: B
